<rss xmlns:dc="http://purl.org/dc/elements/1.1/"
    xmlns:content="http://purl.org/rss/1.0/modules/content/"
    xmlns:atom="http://www.w3.org/2005/Atom" xmlns:media="http://search.yahoo.com/mrss/"
    version="2.0">
    <channel>
        <title>
<![CDATA[ BBC News ]]>
</title>
        <description>
<![CDATA[ BBC News - News Front Page ]]>
</description>
        <link>https://www.bbc.co.uk/news</link>
        <image>
            <url>https://news.bbcimg.co.uk/nol/shared/img/bbc_news_120x60.gif</url>
            <title>BBC News</title>
            <link>https://www.bbc.co.uk/news</link>
        </image>
        <generator>RSS for Node</generator>
        <lastBuildDate>Fri, 04 Oct 2024 17:31:45 GMT</lastBuildDate>
        <atom:link href="https://feeds.bbci.co.uk/news/rss.xml" rel="self"
            type="application/rss+xml" />
        <copyright>
<![CDATA[ Copyright: (C) British Broadcasting Corporation, see https://www.bbc.co.uk/usingthebbc/terms-of-use/#15metadataandrssfeeds for terms and conditions of reuse. ]]>
</copyright>
        <language>
<![CDATA[ en-gb ]]>
</language>
        <ttl>15</ttl>
        <item>
            <title>
<![CDATA[ Women in Submarine Service suffered misogyny and bullying, Navy finds ]]>
</title>
            <description>
<![CDATA[ Admiral Sir Ben Key said: "We must be better than this and do better than we have." ]]>
</description>
            <link>https://www.bbc.com/news/articles/c9wk7ljzg2do</link>
            <guid isPermaLink="false">https://www.bbc.com/news/articles/c9wk7ljzg2do#0</guid>
            <pubDate>Fri, 04 Oct 2024 17:24:25 GMT</pubDate>
            <media:thumbnail width="240" height="135"
                url="https://ichef.bbci.co.uk/ace/standard/240/cpsprodpb/e100/live/38bb09d0-826e-11ef-822c-a50726bfda2e.jpg" />
        </item>
        <item>
            <title>
<![CDATA[ Officer charged over death of woman hit by motorcyclist escorting duchess ]]>
</title>
            <description>
<![CDATA[ Helen Holland, 81, was hit by a motorcycle that was part of an escort for the Duchess of Edinburgh. ]]>
</description>
            <link>https://www.bbc.com/news/articles/ckgmdn399kdo</link>
            <guid isPermaLink="false">https://www.bbc.com/news/articles/ckgmdn399kdo#0</guid>
            <pubDate>Fri, 04 Oct 2024 16:36:42 GMT</pubDate>
            <media:thumbnail width="240" height="135"
                url="https://ichef.bbci.co.uk/ace/standard/240/cpsprodpb/9e9c/live/62352170-826d-11ef-ad45-893aa022fcbc.jpg" />
        </item>
        <item>
            <title>
<![CDATA[ PCs sacked after searching athlete Bianca Williams get jobs back ]]>
</title>
            <description>
<![CDATA[ Jonathan Clapham and Sam Franks were sacked over their search of Bianca Williams and Ricardo Dos Santos. ]]>
</description>
            <link>https://www.bbc.com/news/articles/ckgnln17zn6o</link>
            <guid isPermaLink="false">https://www.bbc.com/news/articles/ckgnln17zn6o#0</guid>
            <pubDate>Fri, 04 Oct 2024 14:45:25 GMT</pubDate>
            <media:thumbnail width="240" height="135"
                url="https://ichef.bbci.co.uk/ace/standard/240/cpsprodpb/e4a7/live/4f9c7760-8255-11ef-83dd-fbf1b9732cf0.jpg" />
        </item>
        <item>
            <title>
<![CDATA[ Northern Lights sightings possible as solar storms gather ]]>
</title>
            <description>
<![CDATA[ The largest solar flare since 2017 has been spotted erupting from the Sun’s surface. ]]>
</description>
            <link>https://www.bbc.com/news/articles/cy437gnp28zo</link>
            <guid isPermaLink="false">https://www.bbc.com/news/articles/cy437gnp28zo#0</guid>
            <pubDate>Fri, 04 Oct 2024 11:59:15 GMT</pubDate>
            <media:thumbnail width="240" height="127"
                url="https://ichef.bbci.co.uk/ace/standard/240/cpsprodpb/1ed7/live/f43422b0-8240-11ef-ad45-893aa022fcbc.jpg" />
        </item>
        <item>
            <title>
<![CDATA[ Watch: The dashcam footage that has helped police prosecute drivers ]]>
</title>
            <description>
<![CDATA[ More people are being prosecuted for dangerous driving thanks to a huge increase in footage submitted to police by the public. ]]>
</description>
            <link>https://www.bbc.com/news/videos/c89l8v3qd7go</link>
            <guid isPermaLink="false">https://www.bbc.com/news/videos/c89l8v3qd7go#0</guid>
            <pubDate>Fri, 04 Oct 2024 11:58:36 GMT</pubDate>
            <media:thumbnail width="240" height="135"
                url="https://ichef.bbci.co.uk/ace/standard/240/cpsprodpb/a5e9/live/d883a610-8247-11ef-ad45-893aa022fcbc.jpg" />
        </item>
        <item>
            <title>
<![CDATA[ Will carbon capture help the UK tackle climate change? ]]>
</title>
            <description>
<![CDATA[ Will the plan announced today make a difference to the planet and is it worth the huge price tag? ]]>
</description>
            <link>https://www.bbc.com/news/articles/cden6k97n9xo</link>
            <guid isPermaLink="false">https://www.bbc.com/news/articles/cden6k97n9xo#0</guid>
            <pubDate>Fri, 04 Oct 2024 12:31:20 GMT</pubDate>
            <media:thumbnail width="240" height="135"
                url="https://ichef.bbci.co.uk/ace/standard/240/cpsprodpb/e6eb/live/9270f360-825d-11ef-822c-a50726bfda2e.jpg" />
        </item>
        <item>
            <title>
<![CDATA[ Ex-police officer investigated over Malkinson case ]]>
</title>
            <description>
<![CDATA[ A retired officer is being criminally investigated over the wrongful conviction of Andy Malkinson. ]]>
</description>
            <link>https://www.bbc.com/news/articles/cvgxj8wyl5no</link>
            <guid isPermaLink="false">https://www.bbc.com/news/articles/cvgxj8wyl5no#0</guid>
            <pubDate>Fri, 04 Oct 2024 16:02:35 GMT</pubDate>
            <media:thumbnail width="240" height="134"
                url="https://ichef.bbci.co.uk/ace/standard/240/cpsprodpb/19fb/live/61ecc110-825d-11ef-a96a-4578729d5d06.jpg" />
        </item>
        <item>
            <title>
<![CDATA[ Six hours at hands of Hamas - new accounts reveal how Israeli base fell on 7 October ]]>
</title>
            <description>
<![CDATA[ The BBC has seen an army account of how Hamas overran a base, and spoken to survivors and bereaved families. ]]>
</description>
            <link>https://www.bbc.com/news/articles/cg7825rk8j9o</link>
            <guid isPermaLink="false">https://www.bbc.com/news/articles/cg7825rk8j9o#0</guid>
            <pubDate>Fri, 04 Oct 2024 13:06:24 GMT</pubDate>
            <media:thumbnail width="240" height="135"
                url="https://ichef.bbci.co.uk/ace/standard/240/cpsprodpb/145a/live/b6768480-8197-11ef-822c-a50726bfda2e.png" />
        </item>
        <item>
            <title>
<![CDATA[ Judge rules public can view video evidence in French mass rape trial ]]>
</title>
            <description>
<![CDATA[ A previous ruling is reversed in the trial of a man accused of drugging his wife and recruiting dozens of men to abuse her. ]]>
</description>
            <link>https://www.bbc.com/news/articles/ce81qj2j3vlo</link>
            <guid isPermaLink="false">https://www.bbc.com/news/articles/ce81qj2j3vlo#0</guid>
            <pubDate>Fri, 04 Oct 2024 17:03:30 GMT</pubDate>
            <media:thumbnail width="240" height="134"
                url="https://ichef.bbci.co.uk/ace/standard/240/cpsprodpb/19f5/live/dfb13e90-8259-11ef-83dd-fbf1b9732cf0.jpg" />
        </item>
        <item>
            <title>
<![CDATA[ Electric cars brought from China to the EU to be hit with steep tax rise ]]>
</title>
            <description>
<![CDATA[ The vote risks sparking a trade war as the EU looks to protect its own car makers. ]]>
</description>
            <link>https://www.bbc.com/news/articles/cly20n4d0g9o</link>
            <guid isPermaLink="false">https://www.bbc.com/news/articles/cly20n4d0g9o#0</guid>
            <pubDate>Fri, 04 Oct 2024 15:35:09 GMT</pubDate>
            <media:thumbnail width="240" height="134"
                url="https://ichef.bbci.co.uk/ace/standard/240/cpsprodpb/c63b/live/e8bb6010-823b-11ef-869d-c917f0d913e0.jpg" />
        </item>
        <item>
            <title>
<![CDATA[ In maps: Where is fighting happening in Lebanon? ]]>
</title>
            <description>
<![CDATA[ A visual guide to the latest developments in the conflict between Israel and Hezbollah. ]]>
</description>
            <link>https://www.bbc.com/news/articles/c9vp7dg3ml1o</link>
            <guid isPermaLink="false">https://www.bbc.com/news/articles/c9vp7dg3ml1o#1</guid>
            <pubDate>Fri, 04 Oct 2024 13:54:51 GMT</pubDate>
            <media:thumbnail width="240" height="135"
                url="https://ichef.bbci.co.uk/ace/standard/240/cpsprodpb/4ebd/live/8e9f5550-8015-11ef-822c-a50726bfda2e.png" />
        </item>
        <item>
            <title>
<![CDATA[ Ten experts analyse what might happen next ]]>
</title>
            <description>
<![CDATA[ A group of experts on whether the map of the region is being redrawn, what comes next, and what can help avert all-out war ]]>
</description>
            <link>https://www.bbc.com/news/articles/clylzx1xz2yo</link>
            <guid isPermaLink="false">https://www.bbc.com/news/articles/clylzx1xz2yo#1</guid>
            <pubDate>Fri, 04 Oct 2024 12:51:55 GMT</pubDate>
            <media:thumbnail width="240" height="135"
                url="https://ichef.bbci.co.uk/ace/standard/240/cpsprodpb/d85d/live/664fa0a0-824a-11ef-ad45-893aa022fcbc.png" />
        </item>
        <item>
            <title>
<![CDATA[ Watch: Your questions about the conflict answered ]]>
</title>
            <description>
<![CDATA[ Our experts take your questions on the ongoing conflict in the Middle East ]]>
</description>
            <link>https://www.bbc.co.uk/iplayer/episode/l0056skn</link>
            <guid isPermaLink="false">https://www.bbc.co.uk/iplayer/episode/l0056skn#1</guid>
            <pubDate>Thu, 03 Oct 2024 15:58:48 GMT</pubDate>
            <media:thumbnail width="240" height="135"
                url="https://ichef.bbci.co.uk/images/ic/240x135/p0jvgvnz.jpg" />
        </item>
        <item>
            <title>
<![CDATA[ Israel-Gaza War: One Year On ]]>
</title>
            <description>
<![CDATA[ We put your questions on the conflict in the Middle East to our BBC correspondents ]]>
</description>
            <link>https://www.bbc.co.uk/sounds/play/p0jvjrw6</link>
            <guid isPermaLink="false">https://www.bbc.co.uk/sounds/play/p0jvjrw6#1</guid>
            <pubDate>Fri, 04 Oct 2024 08:00:00 GMT</pubDate>
            <media:thumbnail width="240" height="135"
                url="https://ichef.bbci.co.uk/ace/standard/240/cpsprodpb/a0bd/live/f0be10c0-822a-11ef-822c-a50726bfda2e.jpg" />
        </item>
        <item>
            <title>
<![CDATA[ Notorious Menendez brothers murder case to be reviewed ]]>
</title>
            <description>
<![CDATA[ The brothers, who were jailed for killing their parents at a Beverly Hills mansion, say it was self-defence. ]]>
</description>
            <link>https://www.bbc.com/news/articles/c8djrdzn19vo</link>
            <guid isPermaLink="false">https://www.bbc.com/news/articles/c8djrdzn19vo#3</guid>
            <pubDate>Fri, 04 Oct 2024 07:27:13 GMT</pubDate>
            <media:thumbnail width="240" height="135"
                url="https://ichef.bbci.co.uk/ace/standard/240/cpsprodpb/e522/live/d33dbc50-8214-11ef-ad45-893aa022fcbc.jpg" />
        </item>
        <item>
            <title>
<![CDATA[ As communist China turns 75, can Xi fix its economy? ]]>
</title>
            <description>
<![CDATA[ Plans announced by officials sparked a stock market rally but economists are unsure it is enough. ]]>
</description>
            <link>https://www.bbc.com/news/articles/c3dvrxg8mllo</link>
            <guid isPermaLink="false">https://www.bbc.com/news/articles/c3dvrxg8mllo#3</guid>
            <pubDate>Thu, 03 Oct 2024 23:17:53 GMT</pubDate>
            <media:thumbnail width="240" height="135"
                url="https://ichef.bbci.co.uk/ace/standard/240/cpsprodpb/e515/live/6c3fba10-81ee-11ef-b47b-bd1eb93705b4.jpg" />
        </item>
        <item>
            <title>
<![CDATA[ How a stale cookie sparked a social media storm in Australia ]]>
</title>
            <description>
<![CDATA[ The doughy drama has left foodies and influencers scratching their heads in Australia. ]]>
</description>
            <link>https://www.bbc.com/news/articles/cvglmr40lzlo</link>
            <guid isPermaLink="false">https://www.bbc.com/news/articles/cvglmr40lzlo#3</guid>
            <pubDate>Fri, 04 Oct 2024 06:31:04 GMT</pubDate>
            <media:thumbnail width="240" height="134"
                url="https://ichef.bbci.co.uk/ace/standard/240/cpsprodpb/9227/live/30e15270-8212-11ef-9655-0d6576518f6a.jpg" />
        </item>
        <item>
            <title>
<![CDATA[ Weekly quiz: Where did 100 couples all say, 'I do'? ]]>
</title>
            <description>
<![CDATA[ Test how closely you've been paying attention to what has been going on over the past seven days. ]]>
</description>
            <link>https://www.bbc.co.uk/news/world-69391080</link>
            <guid isPermaLink="false">https://www.bbc.co.uk/news/world-69391080#3</guid>
            <pubDate>Thu, 03 Oct 2024 17:03:35 GMT</pubDate>
            <media:thumbnail width="240" height="135"
                url="https://ichef.bbci.co.uk/ace/standard/240/cpsprodpb/B125/production/_133594354_f0d39409-60a0-4161-ab9e-62cebaa093be.jpg" />
        </item>
        <item>
            <title>
<![CDATA[ Jovanni fell to his death from a tower block. His mum demands action ]]>
</title>
            <description>
<![CDATA[ Jovanni Peddie, 14, died in 2011 after falling from a tower block on London's Aylesbury Estate. ]]>
</description>
            <link>https://www.bbc.com/news/articles/c8elp45llz4o</link>
            <guid isPermaLink="false">https://www.bbc.com/news/articles/c8elp45llz4o#3</guid>
            <pubDate>Fri, 04 Oct 2024 01:12:43 GMT</pubDate>
            <media:thumbnail width="240" height="135"
                url="https://ichef.bbci.co.uk/ace/standard/240/cpsprodpb/7246/live/622bfb50-820d-11ef-8f67-4391817aa725.jpg" />
        </item>
        <item>
            <title>
<![CDATA[ £2k painting revealed as masterpiece worth £300k ]]>
</title>
            <description>
<![CDATA[ The artwork is authenticated as a long-lost work by Canadian impressionist Helen McNicoll. ]]>
</description>
            <link>https://www.bbc.com/news/articles/c07nm512l3do</link>
            <guid isPermaLink="false">https://www.bbc.com/news/articles/c07nm512l3do#4</guid>
            <pubDate>Fri, 04 Oct 2024 05:38:08 GMT</pubDate>
            <media:thumbnail width="240" height="135"
                url="https://ichef.bbci.co.uk/ace/standard/240/cpsprodpb/3554/live/31ea4d80-818f-11ef-98f4-8f408a3dba7c.jpg" />
        </item>
        <item>
            <title>
<![CDATA[ Unclear how daughter of tech tycoon died on Sicily yacht, inquest hears ]]>
</title>
            <description>
<![CDATA[ The inquests into the British tech tycoon, his 18-year-old daughter and two other victims of the yacht sinking have opened. ]]>
</description>
            <link>https://www.bbc.com/news/articles/cm24eevj8zmo</link>
            <guid isPermaLink="false">https://www.bbc.com/news/articles/cm24eevj8zmo#4</guid>
            <pubDate>Fri, 04 Oct 2024 09:25:02 GMT</pubDate>
            <media:thumbnail width="240" height="135"
                url="https://ichef.bbci.co.uk/ace/standard/240/cpsprodpb/9c8e/live/a4485140-821d-11ef-9525-d3045140a49e.jpg" />
        </item>
        <item>
            <title>
<![CDATA[ Legendary track voted best noughties Bollywood song - but what else made top 10? ]]>
</title>
            <description>
<![CDATA[ Stars from the world of Bollywood have been reacting to BBC Asian Network's top 50 noughties songs. ]]>
</description>
            <link>https://www.bbc.com/news/articles/c9dy9ljxd60o</link>
            <guid isPermaLink="false">https://www.bbc.com/news/articles/c9dy9ljxd60o#4</guid>
            <pubDate>Fri, 04 Oct 2024 14:50:46 GMT</pubDate>
            <media:thumbnail width="240" height="135"
                url="https://ichef.bbci.co.uk/ace/standard/240/cpsprodpb/a3ff/live/047083b0-824d-11ef-ad45-893aa022fcbc.jpg" />
        </item>
        <item>
            <title>
<![CDATA[ Girl said stabbing a way to celebrity, court told ]]>
</title>
            <description>
<![CDATA[ The girl referred to the pupil she stabbed and said: “I stabbed her. Oopsies,” the court hears. ]]>
</description>
            <link>https://www.bbc.com/news/articles/cj0414v2gpvo</link>
            <guid isPermaLink="false">https://www.bbc.com/news/articles/cj0414v2gpvo#4</guid>
            <pubDate>Fri, 04 Oct 2024 12:47:12 GMT</pubDate>
            <media:thumbnail width="240" height="135"
                url="https://ichef.bbci.co.uk/ace/standard/240/cpsprodpb/5279/live/e621d400-823c-11ef-ad45-893aa022fcbc.jpg" />
        </item>
        <item>
            <title>
<![CDATA[ Nick Knowles to miss Strictly due to injury ]]>
</title>
            <description>
<![CDATA[ The DIY SOS presenter was due to perform the charleston to Rain On The Roof from Paddington 2. ]]>
</description>
            <link>https://www.bbc.com/news/articles/cdx9wqnw2rqo</link>
            <guid isPermaLink="false">https://www.bbc.com/news/articles/cdx9wqnw2rqo#4</guid>
            <pubDate>Fri, 04 Oct 2024 16:34:05 GMT</pubDate>
            <media:thumbnail width="240" height="134"
                url="https://ichef.bbci.co.uk/ace/standard/240/cpsprodpb/637f/live/7d6cc060-826d-11ef-8db3-192fa52ea1e6.jpg" />
        </item>
        <item>
            <title>
<![CDATA[ Starmer 'pleased' assisted dying vote will take place ]]>
</title>
            <description>
<![CDATA[ The PM says his views are "well known" but he will look at the details of the bill. ]]>
</description>
            <link>https://www.bbc.com/news/articles/c3e9031n142o</link>
            <guid isPermaLink="false">https://www.bbc.com/news/articles/c3e9031n142o#4</guid>
            <pubDate>Fri, 04 Oct 2024 14:08:27 GMT</pubDate>
            <media:thumbnail width="240" height="135"
                url="https://ichef.bbci.co.uk/ace/standard/240/cpsprodpb/3ebf/live/b3d0e0e0-8250-11ef-822c-a50726bfda2e.jpg" />
        </item>
        <item>
            <title>
<![CDATA[ Private schools say fewer pupils joining them for secondary education ]]>
</title>
            <description>
<![CDATA[ The Independent Schools Council says some members reported a drop in pupils starting secondary school. ]]>
</description>
            <link>https://www.bbc.com/news/articles/cy5y0w6xg43o</link>
            <guid isPermaLink="false">https://www.bbc.com/news/articles/cy5y0w6xg43o#4</guid>
            <pubDate>Fri, 04 Oct 2024 00:58:50 GMT</pubDate>
            <media:thumbnail width="240" height="135"
                url="https://ichef.bbci.co.uk/ace/standard/240/cpsprodpb/e2bd/live/96c43d60-7feb-11ef-83dd-fbf1b9732cf0.jpg" />
        </item>
        <item>
            <title>
<![CDATA[ Download now ]]>
</title>
            <description>
<![CDATA[ Top stories, breaking news, live reporting, and follow news topics that match your interests ]]>
</description>
            <link>https://www.bbc.co.uk/news/10628994</link>
            <guid isPermaLink="false">https://www.bbc.co.uk/news/10628994#5</guid>
            <pubDate>Tue, 20 Aug 2024 11:35:33 GMT</pubDate>
            <media:thumbnail width="240" height="135"
                url="https://ichef.bbci.co.uk/ace/standard/240/cpsprodpb/2cf6/live/d1e71250-9509-11ee-8df3-1d2983d8814f.png" />
        </item>
        <item>
            <title>
<![CDATA[ Iran, Israel and the Middle East crisis explained ]]>
</title>
            <description>
<![CDATA[ How did we get here and what happens next? ]]>
</description>
            <link>https://www.bbc.co.uk/sounds/play/m0023gnd</link>
            <guid isPermaLink="false">https://www.bbc.co.uk/sounds/play/m0023gnd#6</guid>
            <pubDate>Thu, 03 Oct 2024 05:00:00 GMT</pubDate>
            <media:thumbnail width="240" height="135"
                url="https://ichef.bbci.co.uk/images/ic/240x135/p0j938rc.jpg" />
        </item>
        <item>
            <title>
<![CDATA[ The week: Middle East, Tory conference & assisted dying ]]>
</title>
            <description>
<![CDATA[ Adam, Chris and Alex wrap up the week ]]>
</description>
            <link>https://www.bbc.co.uk/sounds/play/p0jvn02g</link>
            <guid isPermaLink="false">https://www.bbc.co.uk/sounds/play/p0jvn02g#6</guid>
            <pubDate>Fri, 04 Oct 2024 11:14:00 GMT</pubDate>
            <media:thumbnail width="240" height="135"
                url="https://ichef.bbci.co.uk/images/ic/240x135/p0jvn03y.jpg" />
        </item>
        <item>
            <title>
<![CDATA[ Ten Hag decision 'not my call' - Ratcliffe ]]>
</title>
            <description>
<![CDATA[ Manchester United co-owner Sir Jim Ratcliffe says the future of under-pressure manager Erik ten Hag is "not my call". ]]>
</description>
            <link>https://www.bbc.com/sport/football/articles/cden69x385lo</link>
            <guid isPermaLink="false">https://www.bbc.com/sport/football/articles/cden69x385lo#8</guid>
            <pubDate>Fri, 04 Oct 2024 15:12:14 GMT</pubDate>
            <media:thumbnail width="240" height="135"
                url="https://ichef.bbci.co.uk/ace/standard/240/cpsprodpb/92dc/live/fc58cef0-825e-11ef-a96a-4578729d5d06.jpg" />
        </item>
        <item>
            <title>
<![CDATA[ Great Britain end 60-year wait for America's Cup spot ]]>
</title>
            <description>
<![CDATA[ Great Britain will compete for the America's Cup for the first time in 60 years after beating Italy in a qualifying event. ]]>
</description>
            <link>https://www.bbc.com/sport/sailing/articles/cqxrq8yeq4yo</link>
            <guid isPermaLink="false">https://www.bbc.com/sport/sailing/articles/cqxrq8yeq4yo#8</guid>
            <pubDate>Fri, 04 Oct 2024 12:48:59 GMT</pubDate>
            <media:thumbnail width="240" height="135"
                url="https://ichef.bbci.co.uk/ace/standard/240/cpsprodpb/cbd4/live/c0ebe730-8268-11ef-822c-a50726bfda2e.jpg" />
        </item>
        <item>
            <title>
<![CDATA[ Diarra v Fifa: Some transfer rules break EU law - top court ]]>
</title>
            <description>
<![CDATA[ After a long-running dispute between ex-Chelsea and Arsenal midfielder Lassana Diarra and Fifa, a court has ruled against the governing body. ]]>
</description>
            <link>https://www.bbc.com/sport/football/articles/cjwdydnl3w0o</link>
            <guid isPermaLink="false">https://www.bbc.com/sport/football/articles/cjwdydnl3w0o#8</guid>
            <pubDate>Fri, 04 Oct 2024 16:57:18 GMT</pubDate>
            <media:thumbnail width="240" height="134"
                url="https://ichef.bbci.co.uk/ace/standard/240/cpsprodpb/b666/live/04f4bff0-822e-11ef-9525-d3045140a49e.jpg" />
        </item>
        <item>
            <title>
<![CDATA[ Stats and pads - Zaltzman delivering Smith's kit ]]>
</title>
            <description>
<![CDATA[ Test Match Special scorer Andy Zaltzman answers an SOS to deliver England wicketkeeper Jamie Smith's pads to Pakistan. ]]>
</description>
            <link>https://www.bbc.com/sport/cricket/articles/cr4xdr1xv2vo</link>
            <guid isPermaLink="false">https://www.bbc.com/sport/cricket/articles/cr4xdr1xv2vo#8</guid>
            <pubDate>Fri, 04 Oct 2024 13:13:13 GMT</pubDate>
            <media:thumbnail width="240" height="135"
                url="https://ichef.bbci.co.uk/ace/standard/240/cpsprodpb/6216/live/5b44cbf0-824e-11ef-83dd-fbf1b9732cf0.jpg" />
        </item>
        <item>
            <title>
<![CDATA[ Why 'face of baseball' is on cusp of global stardom ]]>
</title>
            <description>
<![CDATA[ As Shohei Ohtani prepares for his MLB play-off debut, BBC Sport looks at how he has become one of the world's highest-paid athletes. ]]>
</description>
            <link>https://www.bbc.com/sport/baseball/articles/cm29lvze0gyo</link>
            <guid isPermaLink="false">https://www.bbc.com/sport/baseball/articles/cm29lvze0gyo#8</guid>
            <pubDate>Fri, 04 Oct 2024 12:33:56 GMT</pubDate>
            <media:thumbnail width="240" height="134"
                url="https://ichef.bbci.co.uk/ace/standard/240/cpsprodpb/18bc/live/07d83630-8241-11ef-83dd-fbf1b9732cf0.png" />
        </item>
        <item>
            <title>
<![CDATA[ PCs get jobs back after athlete search dismissal ]]>
</title>
            <description>
<![CDATA[ Jonathan Clapham and Sam Franks were sacked over their search of Bianca Williams and Ricardo Dos Santos. ]]>
</description>
            <link>https://www.bbc.com/news/articles/ckgnln17zn6o</link>
            <guid isPermaLink="false">https://www.bbc.com/news/articles/ckgnln17zn6o#9</guid>
            <pubDate>Fri, 04 Oct 2024 14:45:25 GMT</pubDate>
            <media:thumbnail width="240" height="135"
                url="https://ichef.bbci.co.uk/ace/standard/240/cpsprodpb/8baf/live/e3aca490-8258-11ef-83dd-fbf1b9732cf0.jpg" />
        </item>
        <item>
            <title>
<![CDATA[ Boy's injuries consistent with abuse, murder trial told ]]>
</title>
            <description>
<![CDATA[ Craig Rowland denies murdering his son Lewis as he stands trial in Belfast. ]]>
</description>
            <link>https://www.bbc.com/news/articles/cgmgny20mxpo</link>
            <guid isPermaLink="false">https://www.bbc.com/news/articles/cgmgny20mxpo#9</guid>
            <pubDate>Fri, 04 Oct 2024 16:12:33 GMT</pubDate>
            <media:thumbnail width="240" height="135"
                url="https://ichef.bbci.co.uk/ace/standard/240/cpsprodpb/a6c0/live/5bda00e0-826b-11ef-8db3-192fa52ea1e6.png" />
        </item>
        <item>
            <title>
<![CDATA[ Ten new arrests over alleged historical abuse at Kerelaw school ]]>
</title>
            <description>
<![CDATA[ Seven men and three women were questioned about allegations dating back to the 1970s at the former residential school in North Ayrshire. ]]>
</description>
            <link>https://www.bbc.com/news/articles/cy4373dp4ego</link>
            <guid isPermaLink="false">https://www.bbc.com/news/articles/cy4373dp4ego#9</guid>
            <pubDate>Fri, 04 Oct 2024 14:20:45 GMT</pubDate>
            <media:thumbnail width="240" height="134"
                url="https://ichef.bbci.co.uk/ace/standard/240/cpsprodpb/c670/live/ca4c8160-822f-11ef-822c-a50726bfda2e.jpg" />
        </item>
        <item>
            <title>
<![CDATA[ Girl said stabbing a way to celebrity, court told ]]>
</title>
            <description>
<![CDATA[ The girl referred to the pupil she stabbed and said: “I stabbed her. Oopsies,” the court hears. ]]>
</description>
            <link>https://www.bbc.com/news/articles/cj0414v2gpvo</link>
            <guid isPermaLink="false">https://www.bbc.com/news/articles/cj0414v2gpvo#9</guid>
            <pubDate>Fri, 04 Oct 2024 12:47:12 GMT</pubDate>
            <media:thumbnail width="240" height="135"
                url="https://ichef.bbci.co.uk/ace/standard/240/cpsprodpb/5279/live/e621d400-823c-11ef-ad45-893aa022fcbc.jpg" />
        </item>
    </channel>
</rss>