<rss xmlns:dc="http://purl.org/dc/elements/1.1/"
    xmlns:content="http://purl.org/rss/1.0/modules/content/"
    xmlns:atom="http://www.w3.org/2005/Atom"
    xmlns:media="http://search.yahoo.com/mrss/" version="2.0">> <channel>
        <title>
<![CDATA[ BBC News ]]>
</title>
        <description>
<![CDATA[ BBC News - News Front Page ]]>
</description>
        <link>https://www.bbc.co.uk/news</link>
        <image>
            <url>https://news.bbcimg.co.uk/nol/shared/img/bbc_news_120x60.gif</url>
            <title>BBC News</title>
            <link>https://www.bbc.co.uk/news</link>
        </image>
        <generator>RSS for Node</generator>
        <lastBuildDate>Sun, 06 Oct 2024 18:57:17 GMT</lastBuildDate>
        <atom:link href="https://feeds.bbci.co.uk/news/rss.xml" rel="self"
            type="application/rss+xml" />
        <copyright>
<![CDATA[ Copyright: (C) British Broadcasting Corporation, see https://www.bbc.co.uk/usingthebbc/terms-of-use/#15metadataandrssfeeds for terms and conditions of reuse. ]]>
</copyright>
        <language>
<![CDATA[ en-gb ]]>
</language>
        <ttl>15</ttl>
        <item>
            <title>
<![CDATA[ Bowen: Year of killing and broken assumptions has taken Middle East to edge of deeper, wider war ]]>
</title>
            <description>
<![CDATA[ Twelve months on from the 7 October attacks which led to Israel's war in Gaza, our international editor says the region is on the edge of something even worse. ]]>
</description>
            <link>https://www.bbc.com/news/articles/c781vgy3918o</link>
            <guid isPermaLink="false">https://www.bbc.com/news/articles/c781vgy3918o#0</guid>
            <pubDate>Sun, 06 Oct 2024 17:46:57 GMT</pubDate>
            <media:thumbnail width="240" height="135"
                url="https://ichef.bbci.co.uk/ace/standard/240/cpsprodpb/ce95/live/e84a5230-8411-11ef-83dd-fbf1b9732cf0.jpg" />
        </item>
        <item>
            <title>
<![CDATA[ Sue Gray quits as Sir Keir Starmer's chief of staff ]]>
</title>
            <description>
<![CDATA[ She is leaving after rows over pay and donations and will take up a new role as the prime minister's regional envoy. ]]>
</description>
            <link>https://www.bbc.com/news/articles/cdenx2p32jxo</link>
            <guid isPermaLink="false">https://www.bbc.com/news/articles/cdenx2p32jxo#0</guid>
            <pubDate>Sun, 06 Oct 2024 15:56:00 GMT</pubDate>
            <media:thumbnail width="240" height="134"
                url="https://ichef.bbci.co.uk/ace/standard/240/cpsprodpb/7837/live/32b365b0-8407-11ef-822c-a50726bfda2e.jpg" />
        </item>
        <item>
            <title>
<![CDATA[ Chris Mason: Why it was likely Sue Gray would go ]]>
</title>
            <description>
<![CDATA[ Those working alongside the ex-chief of staff were flipping angry, the BBC's political editor writes. ]]>
</description>
            <link>https://www.bbc.com/news/articles/c0jwv9v95yzo</link>
            <guid isPermaLink="false">https://www.bbc.com/news/articles/c0jwv9v95yzo#0</guid>
            <pubDate>Sun, 06 Oct 2024 17:13:36 GMT</pubDate>
            <media:thumbnail width="240" height="135"
                url="https://ichef.bbci.co.uk/ace/standard/240/cpsprodpb/2838/live/3803b4b0-8403-11ef-9b8b-8d7d5e354c54.jpg" />
        </item>
        <item>
            <title>
<![CDATA[ British-Israeli hostage has been forgotten, says mum ]]>
</title>
            <description>
<![CDATA[ A mother calls for the UK to do more to rescue her daughter, taken as a hostage during the 7 October attacks. ]]>
</description>
            <link>https://www.bbc.com/news/articles/ce3we9n0v79o</link>
            <guid isPermaLink="false">https://www.bbc.com/news/articles/ce3we9n0v79o#0</guid>
            <pubDate>Sun, 06 Oct 2024 16:17:54 GMT</pubDate>
            <media:thumbnail width="240" height="135"
                url="https://ichef.bbci.co.uk/ace/standard/240/cpsprodpb/24a4/live/43446010-83f7-11ef-ad45-893aa022fcbc.jpg" />
        </item>
        <item>
            <title>
<![CDATA[ Judi Dench speaks of grief after Maggie Smith's death ]]>
</title>
            <description>
<![CDATA[ The two stars were the same age, and had performed together on numerous occasions over the decades. ]]>
</description>
            <link>https://www.bbc.com/news/articles/c756xz27dewo</link>
            <guid isPermaLink="false">https://www.bbc.com/news/articles/c756xz27dewo#0</guid>
            <pubDate>Sun, 06 Oct 2024 13:00:37 GMT</pubDate>
            <media:thumbnail width="240" height="135"
                url="https://ichef.bbci.co.uk/ace/standard/240/cpsprodpb/7164/live/573bbaf0-83bb-11ef-87d7-6942ff70cb08.jpg" />
        </item>
        <item>
            <title>
<![CDATA[ Climbers rescued after three days on mountain ]]>
</title>
            <description>
<![CDATA[ Fay Manners says she is "mentally destroyed" after a battle for survival 20,000ft up a mountain. ]]>
</description>
            <link>https://www.bbc.com/news/articles/c93y147z4pdo</link>
            <guid isPermaLink="false">https://www.bbc.com/news/articles/c93y147z4pdo#0</guid>
            <pubDate>Sun, 06 Oct 2024 16:14:26 GMT</pubDate>
            <media:thumbnail width="240" height="135"
                url="https://ichef.bbci.co.uk/ace/standard/240/cpsprodpb/25a7/live/3a46bd50-83f7-11ef-8702-79eb224b4a35.jpg" />
        </item>
        <item>
            <title>
<![CDATA[ Parents' tribute to boy, eight, shot at farm ]]>
</title>
            <description>
<![CDATA[ The parents of Jay Cartmell say he was "loved by all who met him". ]]>
</description>
            <link>https://www.bbc.com/news/articles/cwy98nwnzp3o</link>
            <guid isPermaLink="false">https://www.bbc.com/news/articles/cwy98nwnzp3o#0</guid>
            <pubDate>Sun, 06 Oct 2024 12:56:35 GMT</pubDate>
            <media:thumbnail width="240" height="134"
                url="https://ichef.bbci.co.uk/ace/standard/240/cpsprodpb/4a2a/live/fb840690-83ce-11ef-bdde-6703ecb6f955.jpg" />
        </item>
        <item>
            <title>
<![CDATA[ Radio 2 DJ Johnnie Walker retires from BBC ]]>
</title>
            <description>
<![CDATA[ He will step down from Sounds of the 70s and The Rock Show at the end of this month due to ill health. ]]>
</description>
            <link>https://www.bbc.com/news/articles/cn8j26816ygo</link>
            <guid isPermaLink="false">https://www.bbc.com/news/articles/cn8j26816ygo#0</guid>
            <pubDate>Sun, 06 Oct 2024 16:22:27 GMT</pubDate>
            <media:thumbnail width="240" height="135"
                url="https://ichef.bbci.co.uk/ace/standard/240/cpsprodpb/a420/live/f07a8610-8401-11ef-ad45-893aa022fcbc.jpg" />
        </item>
        <item>
            <title>
<![CDATA[ Woman gets reply to job application - 48 years on ]]>
</title>
            <description>
<![CDATA[ The Post Office returns a letter discovered 48 years after Tizi Hodson applied for her dream job. ]]>
</description>
            <link>https://www.bbc.com/news/articles/cm240jyl09go</link>
            <guid isPermaLink="false">https://www.bbc.com/news/articles/cm240jyl09go#0</guid>
            <pubDate>Sun, 06 Oct 2024 06:11:51 GMT</pubDate>
            <media:thumbnail width="240" height="135"
                url="https://ichef.bbci.co.uk/ace/standard/240/cpsprodpb/7a04/live/f674c310-8270-11ef-8db3-192fa52ea1e6.jpg" />
        </item>
        <item>
            <title>
<![CDATA[ New Zealand loses first naval ship to sea since WW2 ]]>
</title>
            <description>
<![CDATA[ The HMNZS Manawanui ran aground while surveying a reef off the coast of Samoa before sinking. ]]>
</description>
            <link>https://www.bbc.com/news/articles/ced0wlqnvlno</link>
            <guid isPermaLink="false">https://www.bbc.com/news/articles/ced0wlqnvlno#0</guid>
            <pubDate>Sun, 06 Oct 2024 11:54:44 GMT</pubDate>
            <media:thumbnail width="240" height="134"
                url="https://ichef.bbci.co.uk/ace/standard/240/cpsprodpb/0e5e/live/c23f0d40-83eb-11ef-891f-b57449f0c027.jpg" />
        </item>
        <item>
            <title>
<![CDATA[ Unholy row over plan to open island supermarket on Sundays ]]>
</title>
            <description>
<![CDATA[ Tesco has started consultations about opening seven days a week on the Isle of Lewis. ]]>
</description>
            <link>https://www.bbc.com/news/articles/cly695ke43lo</link>
            <guid isPermaLink="false">https://www.bbc.com/news/articles/cly695ke43lo#0</guid>
            <pubDate>Sun, 06 Oct 2024 12:25:05 GMT</pubDate>
            <media:thumbnail width="240" height="135"
                url="https://ichef.bbci.co.uk/ace/standard/240/cpsprodpb/d27d/live/cd760030-83d5-11ef-83dd-fbf1b9732cf0.jpg" />
        </item>
        <item>
            <title>
<![CDATA[ 'I felt like my heart was going to explode': Beirut reels from heaviest night of strikes ]]>
</title>
            <description>
<![CDATA[ A doctor tells the BBC of the moment she found out her clinic was next to an Israeli target building. ]]>
</description>
            <link>https://www.bbc.com/news/articles/cpqzyvv2g4vo</link>
            <guid isPermaLink="false">https://www.bbc.com/news/articles/cpqzyvv2g4vo#1</guid>
            <pubDate>Sun, 06 Oct 2024 17:36:34 GMT</pubDate>
            <media:thumbnail width="240" height="135"
                url="https://ichef.bbci.co.uk/ace/standard/240/cpsprodpb/9844/live/61335900-8406-11ef-ad45-893aa022fcbc.jpg" />
        </item>
        <item>
            <title>
<![CDATA[ 'Bags of sweets amid rubble of flattened Beirut building' ]]>
</title>
            <description>
<![CDATA[ The BBC's Hugo Bachega reports from the scene of an overnight Israeli strike in Lebanon. ]]>
</description>
            <link>https://www.bbc.com/news/videos/czxd3yvkzn5o</link>
            <guid isPermaLink="false">https://www.bbc.com/news/videos/czxd3yvkzn5o#1</guid>
            <pubDate>Sun, 06 Oct 2024 12:20:00 GMT</pubDate>
            <media:thumbnail width="240" height="135"
                url="https://ichef.bbci.co.uk/ace/standard/240/cpsprodpb/99a2/live/c1926cd0-83db-11ef-ad45-893aa022fcbc.jpg" />
        </item>
        <item>
            <title>
<![CDATA[ Watch: BBC reporter in the midst of rocket fire into Israel ]]>
</title>
            <description>
<![CDATA[ The BBC's Nick Beake reports from northern Israel, where Hezbollah continues to fire rockets into Israel. ]]>
</description>
            <link>https://www.bbc.com/news/videos/cx2ke88kx0ro</link>
            <guid isPermaLink="false">https://www.bbc.com/news/videos/cx2ke88kx0ro#1</guid>
            <pubDate>Sat, 05 Oct 2024 19:57:49 GMT</pubDate>
            <media:thumbnail width="240" height="135"
                url="https://ichef.bbci.co.uk/ace/standard/240/cpsprodpb/e32e/live/f66af8d0-8351-11ef-822c-a50726bfda2e.jpg" />
        </item>
        <item>
            <title>
<![CDATA[ Macron calls to halt arms deliveries to Israel in Gaza war ]]>
</title>
            <description>
<![CDATA[ The French president's call was swiftly criticised by Israel's PM Benjamin Netanyahu. ]]>
</description>
            <link>https://www.bbc.com/news/articles/cjr3zd4d8y5o</link>
            <guid isPermaLink="false">https://www.bbc.com/news/articles/cjr3zd4d8y5o#1</guid>
            <pubDate>Sun, 06 Oct 2024 02:46:30 GMT</pubDate>
            <media:thumbnail width="240" height="135"
                url="https://ichef.bbci.co.uk/ace/standard/240/cpsprodpb/7fd2/live/32dc3060-8378-11ef-83dd-fbf1b9732cf0.jpg" />
        </item>
        <item>
            <title>
<![CDATA[ Israeli kibbutz struggles to heal, one year after 7 October ]]>
</title>
            <description>
<![CDATA[ A year since scores of people were killed here, the collective is splintered - psychologically and physically. ]]>
</description>
            <link>https://www.bbc.com/news/articles/c30305l5jqpo</link>
            <guid isPermaLink="false">https://www.bbc.com/news/articles/c30305l5jqpo#1</guid>
            <pubDate>Fri, 04 Oct 2024 23:15:21 GMT</pubDate>
            <media:thumbnail width="240" height="135"
                url="https://ichef.bbci.co.uk/ace/standard/240/cpsprodpb/b189/live/cd3c09f0-8260-11ef-83dd-fbf1b9732cf0.jpg" />
        </item>
        <item>
            <title>
<![CDATA[ The week that pushed the Middle East closer to all-out war ]]>
</title>
            <description>
<![CDATA[ There have been many moments of extreme danger over the past year. This is the worst. ]]>
</description>
            <link>https://www.bbc.com/news/articles/c0r89qwwx2lo</link>
            <guid isPermaLink="false">https://www.bbc.com/news/articles/c0r89qwwx2lo#1</guid>
            <pubDate>Fri, 04 Oct 2024 21:47:10 GMT</pubDate>
            <media:thumbnail width="240" height="135"
                url="https://ichef.bbci.co.uk/ace/standard/240/cpsprodpb/3711/live/ddaaacd0-82e0-11ef-83dd-fbf1b9732cf0.jpg" />
        </item>
        <item>
            <title>
<![CDATA[ Scottish family angry after mum blocked from fleeing Lebanon ]]>
</title>
            <description>
<![CDATA[ Nadia Ayoub McCulloch was turned away by officials as she does not have a UK passport or visa. ]]>
</description>
            <link>https://www.bbc.com/news/articles/cx25egegpx6o</link>
            <guid isPermaLink="false">https://www.bbc.com/news/articles/cx25egegpx6o#1</guid>
            <pubDate>Sat, 05 Oct 2024 13:44:42 GMT</pubDate>
            <media:thumbnail width="240" height="135"
                url="https://ichef.bbci.co.uk/ace/standard/240/cpsprodpb/b4dc/live/4abdc560-829a-11ef-b940-ff2565ec78a0.jpg" />
        </item>
        <item>
            <title>
<![CDATA[ In maps: Where is fighting happening in Lebanon? ]]>
</title>
            <description>
<![CDATA[ A visual guide to the latest developments in the conflict between Israel and Hezbollah. ]]>
</description>
            <link>https://www.bbc.com/news/articles/c9vp7dg3ml1o</link>
            <guid isPermaLink="false">https://www.bbc.com/news/articles/c9vp7dg3ml1o#1</guid>
            <pubDate>Fri, 04 Oct 2024 13:54:51 GMT</pubDate>
            <media:thumbnail width="240" height="135"
                url="https://ichef.bbci.co.uk/ace/standard/240/cpsprodpb/4ebd/live/8e9f5550-8015-11ef-822c-a50726bfda2e.png" />
        </item>
        <item>
            <title>
<![CDATA[ Ten experts analyse what might happen next ]]>
</title>
            <description>
<![CDATA[ A group of experts on whether the map of the region is being redrawn, what comes next, and what can help avert all-out war ]]>
</description>
            <link>https://www.bbc.com/news/articles/clylzx1xz2yo</link>
            <guid isPermaLink="false">https://www.bbc.com/news/articles/clylzx1xz2yo#1</guid>
            <pubDate>Fri, 04 Oct 2024 12:51:55 GMT</pubDate>
            <media:thumbnail width="240" height="135"
                url="https://ichef.bbci.co.uk/ace/standard/240/cpsprodpb/d85d/live/664fa0a0-824a-11ef-ad45-893aa022fcbc.png" />
        </item>
        <item>
            <title>
<![CDATA[ Watch: Your questions about the conflict answered ]]>
</title>
            <description>
<![CDATA[ Our experts take your questions on the ongoing conflict in the Middle East ]]>
</description>
            <link>https://www.bbc.co.uk/iplayer/episode/l0056skn</link>
            <guid isPermaLink="false">https://www.bbc.co.uk/iplayer/episode/l0056skn#1</guid>
            <pubDate>Thu, 03 Oct 2024 15:58:48 GMT</pubDate>
            <media:thumbnail width="240" height="135"
                url="https://ichef.bbci.co.uk/images/ic/240x135/p0jvgvnz.jpg" />
        </item>
        <item>
            <title>
<![CDATA[ Six hours at hands of Hamas - new accounts reveal how Israeli base fell on 7 October ]]>
</title>
            <description>
<![CDATA[ The BBC has seen an army account of how Hamas overran a base, and spoken to survivors and bereaved families. ]]>
</description>
            <link>https://www.bbc.com/news/articles/cg7825rk8j9o</link>
            <guid isPermaLink="false">https://www.bbc.com/news/articles/cg7825rk8j9o#1</guid>
            <pubDate>Fri, 04 Oct 2024 13:06:24 GMT</pubDate>
            <media:thumbnail width="240" height="135"
                url="https://ichef.bbci.co.uk/ace/standard/240/cpsprodpb/145a/live/b6768480-8197-11ef-822c-a50726bfda2e.png" />
        </item>
        <item>
            <title>
<![CDATA[ Download now ]]>
</title>
            <description>
<![CDATA[ Top stories, breaking news, live reporting, and follow news topics that match your interests ]]>
</description>
            <link>https://www.bbc.co.uk/news/10628994</link>
            <guid isPermaLink="false">https://www.bbc.co.uk/news/10628994#2</guid>
            <pubDate>Tue, 20 Aug 2024 11:35:33 GMT</pubDate>
            <media:thumbnail width="240" height="135"
                url="https://ichef.bbci.co.uk/ace/standard/240/cpsprodpb/2cf6/live/d1e71250-9509-11ee-8df3-1d2983d8814f.png" />
        </item>
        <item>
            <title>
<![CDATA[ Original Doctor Who star ponders 'emotional' return ]]>
</title>
            <description>
<![CDATA[ Carole Ann Ford is the last surviving original cast member of the first Doctor Who series. ]]>
</description>
            <link>https://www.bbc.com/news/articles/cly6kx3ywq4o</link>
            <guid isPermaLink="false">https://www.bbc.com/news/articles/cly6kx3ywq4o#3</guid>
            <pubDate>Sun, 06 Oct 2024 11:16:15 GMT</pubDate>
            <media:thumbnail width="240" height="135"
                url="https://ichef.bbci.co.uk/ace/standard/240/cpsprodpb/0d20/live/d9ff5200-83e6-11ef-891f-b57449f0c027.jpg" />
        </item>
        <item>
            <title>
<![CDATA[ Mum of woman murdered on Tinder date completes Everest trek ]]>
</title>
            <description>
<![CDATA[ Gillian Millane says the climb to Everest base camp was "very emotional". ]]>
</description>
            <link>https://www.bbc.com/news/articles/ckg2987l8x7o</link>
            <guid isPermaLink="false">https://www.bbc.com/news/articles/ckg2987l8x7o#3</guid>
            <pubDate>Sun, 06 Oct 2024 05:50:51 GMT</pubDate>
            <media:thumbnail width="240" height="128"
                url="https://ichef.bbci.co.uk/ace/standard/240/cpsprodpb/b17b/live/ea5d0100-83ce-11ef-822c-a50726bfda2e.jpg" />
        </item>
        <item>
            <title>
<![CDATA[ Immunotherapy saved my life. Can research improve the odds for others? ]]>
</title>
            <description>
<![CDATA[ Researchers are looking at making immunotherapy a much more effective treatment for cancer. ]]>
</description>
            <link>https://www.bbc.com/news/articles/c153pg278npo</link>
            <guid isPermaLink="false">https://www.bbc.com/news/articles/c153pg278npo#3</guid>
            <pubDate>Sun, 06 Oct 2024 00:33:55 GMT</pubDate>
            <media:thumbnail width="240" height="135"
                url="https://ichef.bbci.co.uk/ace/standard/240/cpsprodpb/60fa/live/975cbd90-8240-11ef-b825-bf6174f6bf7c.jpg" />
        </item>
        <item>
            <title>
<![CDATA[ Spiking victims 'let down' by emergency services ]]>
</title>
            <description>
<![CDATA[ Two women say they were discouraged from going to the police and made to feel it was their fault. ]]>
</description>
            <link>https://www.bbc.com/news/articles/cqjrvl4pzw9o</link>
            <guid isPermaLink="false">https://www.bbc.com/news/articles/cqjrvl4pzw9o#3</guid>
            <pubDate>Sun, 06 Oct 2024 01:05:40 GMT</pubDate>
            <media:thumbnail width="240" height="135"
                url="https://ichef.bbci.co.uk/ace/standard/240/cpsprodpb/ff21/live/b13c7210-7cb8-11ef-98ba-d370e3e0547e.jpg" />
        </item>
        <item>
            <title>
<![CDATA[ Trump and Harris are deadlocked - could an October surprise change the game? ]]>
</title>
            <description>
<![CDATA[ With one month to go, any unexpected event could help sway this close race for the White House. ]]>
</description>
            <link>https://www.bbc.com/news/articles/cz04n1kg1d4o</link>
            <guid isPermaLink="false">https://www.bbc.com/news/articles/cz04n1kg1d4o#3</guid>
            <pubDate>Sat, 05 Oct 2024 23:33:45 GMT</pubDate>
            <media:thumbnail width="240" height="134"
                url="https://ichef.bbci.co.uk/ace/standard/240/cpsprodpb/ea96/live/81496c60-8380-11ef-ad45-893aa022fcbc.jpg" />
        </item>
        <item>
            <title>
<![CDATA[ Your pictures on the theme of 'arches' ]]>
</title>
            <description>
<![CDATA[ A selection of readers' photographs on the theme of 'arches.' ]]>
</description>
            <link>https://www.bbc.com/news/articles/cvgxrqyr01ro</link>
            <guid isPermaLink="false">https://www.bbc.com/news/articles/cvgxrqyr01ro#3</guid>
            <pubDate>Sun, 06 Oct 2024 00:33:20 GMT</pubDate>
            <media:thumbnail width="240" height="135"
                url="https://ichef.bbci.co.uk/ace/standard/240/cpsprodpb/2798/live/8943b800-83c4-11ef-822c-a50726bfda2e.jpg" />
        </item>
        <item>
            <title>
<![CDATA[ 'Rightmove is my porn' - the addiction to online property search ]]>
</title>
            <description>
<![CDATA[ Why are we so obsessed with looking at houses for sale online? ]]>
</description>
            <link>https://www.bbc.com/news/articles/c77xdp1e56yo</link>
            <guid isPermaLink="false">https://www.bbc.com/news/articles/c77xdp1e56yo#3</guid>
            <pubDate>Sat, 05 Oct 2024 23:36:55 GMT</pubDate>
            <media:thumbnail width="240" height="134"
                url="https://ichef.bbci.co.uk/ace/standard/240/cpsprodpb/8196/live/f3b2fc50-81b2-11ef-9afe-132b10d24e77.jpg" />
        </item>
        <item>
            <title>
<![CDATA[ Family want to buy farm to dig for body ]]>
</title>
            <description>
<![CDATA[ The family believe the body of Muriel McKay, who was kidnapped and murdered in 1969, is at the site. ]]>
</description>
            <link>https://www.bbc.com/news/articles/c8j7rx7w14xo</link>
            <guid isPermaLink="false">https://www.bbc.com/news/articles/c8j7rx7w14xo#4</guid>
            <pubDate>Sun, 06 Oct 2024 05:39:53 GMT</pubDate>
            <media:thumbnail width="240" height="134"
                url="https://ichef.bbci.co.uk/ace/standard/240/cpsprodpb/d896/live/ab0045f0-826e-11ef-8db3-192fa52ea1e6.jpg" />
        </item>
        <item>
            <title>
<![CDATA[ Passenger who got on 'wrong plane' arrested ]]>
</title>
            <description>
<![CDATA[ A flight was delayed at Manchester Airport after a man "incorrectly" boarded it, EasyJet says. ]]>
</description>
            <link>https://www.bbc.com/news/articles/c981p4vz5vdo</link>
            <guid isPermaLink="false">https://www.bbc.com/news/articles/c981p4vz5vdo#4</guid>
            <pubDate>Sun, 06 Oct 2024 10:01:08 GMT</pubDate>
            <media:thumbnail width="240" height="135"
                url="https://ichef.bbci.co.uk/ace/standard/240/cpsprodpb/fe90/live/61b8f070-83c9-11ef-bdde-6703ecb6f955.png" />
        </item>
        <item>
            <title>
<![CDATA[ Setback for black student suspended over dreadlocks ]]>
</title>
            <description>
<![CDATA[ Darryl George was suspended from his Houston-area high school over his dreadlocks. ]]>
</description>
            <link>https://www.bbc.com/news/articles/c1wn91xn87zo</link>
            <guid isPermaLink="false">https://www.bbc.com/news/articles/c1wn91xn87zo#4</guid>
            <pubDate>Sat, 05 Oct 2024 17:12:29 GMT</pubDate>
            <media:thumbnail width="240" height="135"
                url="https://ichef.bbci.co.uk/ace/standard/240/cpsprodpb/d922/live/6ecca500-8337-11ef-ad45-893aa022fcbc.jpg" />
        </item>
        <item>
            <title>
<![CDATA[ Ex-cabinet secretary says £200,000 job is underpaid ]]>
</title>
            <description>
<![CDATA[ Lord O'Donnell tells the BBC the "incredibly demanding job" should have a higher salary. ]]>
</description>
            <link>https://www.bbc.com/news/articles/c748we5g359o</link>
            <guid isPermaLink="false">https://www.bbc.com/news/articles/c748we5g359o#4</guid>
            <pubDate>Sun, 06 Oct 2024 12:29:41 GMT</pubDate>
            <media:thumbnail width="240" height="134"
                url="https://ichef.bbci.co.uk/ace/standard/240/cpsprodpb/05ce/live/92648510-83c2-11ef-83dd-fbf1b9732cf0.png" />
        </item>
        <item>
            <title>
<![CDATA[ Jailed breast surgeon set to lose £1m pension ]]>
</title>
            <description>
<![CDATA[ The Sunday Times reports the health secretary is removing Ian Paterson's taxpayer-funded retirement money. ]]>
</description>
            <link>https://www.bbc.com/news/articles/cj6ew1g990yo</link>
            <guid isPermaLink="false">https://www.bbc.com/news/articles/cj6ew1g990yo#4</guid>
            <pubDate>Sun, 06 Oct 2024 16:03:27 GMT</pubDate>
            <media:thumbnail width="240" height="135"
                url="https://ichef.bbci.co.uk/ace/standard/240/cpsprodpb/7a1b/live/1435d340-83f6-11ef-8702-79eb224b4a35.png" />
        </item>
        <item>
            <title>
<![CDATA[ Firms urge London mayor to rethink congestion charge plan ]]>
</title>
            <description>
<![CDATA[ Ocado and the AA are among those to sign a letter, calling for the exemption to be kept for electric vans. ]]>
</description>
            <link>https://www.bbc.com/news/articles/c1530v5v2gko</link>
            <guid isPermaLink="false">https://www.bbc.com/news/articles/c1530v5v2gko#4</guid>
            <pubDate>Sun, 06 Oct 2024 15:24:32 GMT</pubDate>
            <media:thumbnail width="240" height="135"
                url="https://ichef.bbci.co.uk/ace/standard/240/cpsprodpb/4f70/live/254a7430-83f4-11ef-8702-79eb224b4a35.jpg" />
        </item>
        <item>
            <title>
<![CDATA[ More than 900 migrants arrive in small boats in a day ]]>
</title>
            <description>
<![CDATA[ Another 973 people arrived in the UK by small boat on Saturday, according to the Home Office. ]]>
</description>
            <link>https://www.bbc.com/news/articles/c89lqg90q38o</link>
            <guid isPermaLink="false">https://www.bbc.com/news/articles/c89lqg90q38o#4</guid>
            <pubDate>Sun, 06 Oct 2024 13:01:17 GMT</pubDate>
            <media:thumbnail width="240" height="135"
                url="https://ichef.bbci.co.uk/ace/standard/240/cpsprodpb/8638/live/01db4070-83da-11ef-bdde-6703ecb6f955.jpg" />
        </item>
        <item>
            <title>
<![CDATA[ How Is The Middle East Shaping UK Politics? (+ Sue Gray Quits!) ]]>
</title>
            <description>
<![CDATA[ The morning after the ‘worst night so far’ of attacks in Beirut. ]]>
</description>
            <link>https://www.bbc.co.uk/sounds/play/p0jvzmlr</link>
            <guid isPermaLink="false">https://www.bbc.co.uk/sounds/play/p0jvzmlr#6</guid>
            <pubDate>Sun, 06 Oct 2024 13:14:00 GMT</pubDate>
            <media:thumbnail width="240" height="135"
                url="https://ichef.bbci.co.uk/images/ic/240x135/p0js3fbv.jpg" />
        </item>
        <item>
            <title>
<![CDATA[ Will conflict in the Middle East impact the US election? ]]>
</title>
            <description>
<![CDATA[ And how much influence will the next president have on the region? ]]>
</description>
            <link>https://www.bbc.co.uk/sounds/play/m0023gl5</link>
            <guid isPermaLink="false">https://www.bbc.co.uk/sounds/play/m0023gl5#6</guid>
            <pubDate>Fri, 04 Oct 2024 13:44:00 GMT</pubDate>
            <media:thumbnail width="240" height="135"
                url="https://ichef.bbci.co.uk/images/ic/240x135/p0jvnym4.jpg" />
        </item>
        <item>
            <title>
<![CDATA[ 'We are on one page' - Ten Hag believes he still has Man Utd backing ]]>
</title>
            <description>
<![CDATA[ Erik ten Hag feels Manchester United's hierarchy would have told him if his job was under threat. ]]>
</description>
            <link>https://www.bbc.com/sport/football/articles/c20m5686p0go</link>
            <guid isPermaLink="false">https://www.bbc.com/sport/football/articles/c20m5686p0go#8</guid>
            <pubDate>Sun, 06 Oct 2024 17:27:52 GMT</pubDate>
            <media:thumbnail width="240" height="135"
                url="https://ichef.bbci.co.uk/ace/standard/240/cpsprodpb/29a9/live/410eeb00-840e-11ef-822c-a50726bfda2e.jpg" />
        </item>
        <item>
            <title>
<![CDATA[ West Indies race to win over struggling Scotland ]]>
</title>
            <description>
<![CDATA[ Scotland are comprehensively beaten by West Indies in their second match of the Women's T20 World Cup in Dubai. ]]>
</description>
            <link>https://www.bbc.com/sport/cricket/articles/ce3wen81qjdo</link>
            <guid isPermaLink="false">https://www.bbc.com/sport/cricket/articles/ce3wen81qjdo#8</guid>
            <pubDate>Sun, 06 Oct 2024 16:56:09 GMT</pubDate>
            <media:thumbnail width="240" height="134"
                url="https://ichef.bbci.co.uk/ace/standard/240/cpsprodpb/30f2/live/052d9bc0-8406-11ef-83dd-fbf1b9732cf0.jpg" />
        </item>
        <item>
            <title>
<![CDATA[ Spurs 'got what they deserved' in Brighton defeat - Postecoglou ]]>
</title>
            <description>
<![CDATA[ Tottenham head coach Ange Postecoglou says his side "got what they deserved" after their "unacceptable" second-half performance as they lost 3-2 to Brighton & Hove Albion in the Premier League. ]]>
</description>
            <link>https://www.bbc.com/sport/football/videos/c20pdzx16z6o</link>
            <guid isPermaLink="false">https://www.bbc.com/sport/football/videos/c20pdzx16z6o#8</guid>
            <pubDate>Sun, 06 Oct 2024 17:57:58 GMT</pubDate>
            <media:thumbnail width="240" height="135"
                url="https://ichef.bbci.co.uk/ace/standard/240/cpsprodpb/69ac/live/405b59d0-840b-11ef-822c-a50726bfda2e.jpg" />
        </item>
        <item>
            <title>
<![CDATA[ Valkyrie fight back to stun Saints and retain title ]]>
</title>
            <description>
<![CDATA[ York Valkyrie make history by becoming the first team to retain the Women’s Super League crown as they deny St Helens a treble on their own turf. ]]>
</description>
            <link>https://www.bbc.com/sport/rugby-league/articles/cy4dxm4kx00o</link>
            <guid isPermaLink="false">https://www.bbc.com/sport/rugby-league/articles/cy4dxm4kx00o#8</guid>
            <pubDate>Sun, 06 Oct 2024 17:56:25 GMT</pubDate>
            <media:thumbnail width="240" height="135"
                url="https://ichef.bbci.co.uk/ace/standard/240/cpsprodpb/a0af/live/1ebc5df0-840c-11ef-822c-a50726bfda2e.jpg" />
        </item>
        <item>
            <title>
<![CDATA[ Climbers rescued after three days on mountain ]]>
</title>
            <description>
<![CDATA[ Fay Manners says she is "mentally destroyed" after a battle for survival 20,000ft up a mountain. ]]>
</description>
            <link>https://www.bbc.com/news/articles/c93y147z4pdo</link>
            <guid isPermaLink="false">https://www.bbc.com/news/articles/c93y147z4pdo#9</guid>
            <pubDate>Sun, 06 Oct 2024 16:14:26 GMT</pubDate>
            <media:thumbnail width="240" height="135"
                url="https://ichef.bbci.co.uk/ace/standard/240/cpsprodpb/25a7/live/3a46bd50-83f7-11ef-8702-79eb224b4a35.jpg" />
        </item>
        <item>
            <title>
<![CDATA[ SDLP joins call for questions over Sinn Féin references ]]>
</title>
            <description>
<![CDATA[ Claire Hanna says Sinn Féin has not responded to the McMonagle case in a "satisfactory way". ]]>
</description>
            <link>https://www.bbc.com/news/articles/cjd5jedg8m7o</link>
            <guid isPermaLink="false">https://www.bbc.com/news/articles/cjd5jedg8m7o#9</guid>
            <pubDate>Sun, 06 Oct 2024 12:30:59 GMT</pubDate>
            <media:thumbnail width="240" height="134"
                url="https://ichef.bbci.co.uk/ace/standard/240/cpsprodpb/0e24/live/036f5eb0-83be-11ef-87d7-6942ff70cb08.jpg" />
        </item>
        <item>
            <title>
<![CDATA[ Emergency services at scene of explosion in Clackmannanshire ]]>
</title>
            <description>
<![CDATA[ A house has been badly damaged by a blast in the town of Alloa on Sunday evening ]]>
</description>
            <link>https://www.bbc.com/news/articles/cy4dgr9v0wro</link>
            <guid isPermaLink="false">https://www.bbc.com/news/articles/cy4dgr9v0wro#9</guid>
            <pubDate>Sun, 06 Oct 2024 18:44:55 GMT</pubDate>
            <media:thumbnail width="240" height="135"
                url="https://ichef.bbci.co.uk/ace/standard/240/cpsprodpb/0f2c/live/60f697b0-1203-11ef-82e8-cd354766a224.png" />
        </item>
        <item>
            <title>
<![CDATA[ Two people found dead at property ]]>
</title>
            <description>
<![CDATA[ Police said they were called to the property in Cardiff on Saturday afternoon. ]]>
</description>
            <link>https://www.bbc.com/news/articles/ce81g2rem8zo</link>
            <guid isPermaLink="false">https://www.bbc.com/news/articles/ce81g2rem8zo#9</guid>
            <pubDate>Sun, 06 Oct 2024 14:16:07 GMT</pubDate>
            <media:thumbnail width="240" height="135"
                url="https://ichef.bbci.co.uk/ace/standard/240/cpsprodpb/b35b/live/7c041b70-83e8-11ef-891f-b57449f0c027.jpg" />
        </item>
    </channel>
</rss>